Price,Age_08_04,KM,HP,cc,Doors,Gears,Quarterly_Tax,Weight,Id
16450,20,22588,97,1400,5,5,85,1110,142
7950,75,57144,110,1600,5,5,85,1070,1380
10950,59,79660,86,1300,5,5,85,1065,768
8950,65,60000,86,1300,3,5,69,1015,902
9950,55,44537,97,1400,3,5,69,1025,550
16750,24,25563,110,1600,3,5,19,1065,19
8900,59,36954,110,1600,3,5,69,1050,1014
7450,76,154900,72,2000,5,5,185,1140,1075
7250,74,130025,110,1600,3,5,69,1050,1093
7950,68,57565,86,1300,5,5,69,1035,920
18750,31,25266,110,1600,5,5,85,1130,77
11750,48,75045,110,1600,3,6,85,1055,447
9500,61,92498,110,1600,3,5,69,1050,712
9450,65,92226,110,1600,3,6,85,1065,713
12450,42,38665,110,1600,5,5,85,1075,311
10495,68,47500,86,1300,5,5,69,1035,976
7950,67,155500,110,1600,5,5,69,1050,615
9250,73,68988,86,1300,5,5,69,1035,1318
8250,69,44826,110,1600,5,5,85,1075,1414
9250,53,90097,69,1900,5,5,185,1140,425
11900,44,110000,69,1900,5,5,185,1095,198
11500,65,85889,110,1600,3,6,85,1065,734
8750,60,89576,110,1600,4,5,69,1035,720
9250,68,84482,110,1600,5,5,85,1075,740
11250,54,66063,110,1600,5,5,85,1090,472
13950,44,39516,97,1400,5,5,85,1060,306
6500,53,216000,69,1900,3,5,185,1110,381
11950,50,72242,110,1600,3,5,85,1070,457
7950,69,83133,86,1300,3,5,69,1015,1240
9950,37,44757,97,1400,3,5,69,1025,289
11990,40,36566,110,1600,5,5,85,1090,322
11950,44,37000,110,1600,4,5,19,1075,321
19500,8,10077,97,1400,5,5,85,1110,174
12200,41,30989,110,1600,3,5,69,1045,340
8500,55,150000,110,1600,3,5,72,1075,386
16500,20,35000,97,1400,5,5,85,1110,129
8490,62,90000,110,1600,3,5,69,1050,719
10750,52,41700,97,1400,3,5,69,1025,555
12950,45,36000,110,1600,3,5,85,1070,574
7950,74,123077,86,1300,3,5,69,1015,1109
7950,67,72880,86,1332,3,5,69,1015,811
10895,53,79800,110,1600,5,5,85,1075,438
8950,62,70500,110,1600,5,5,69,1035,822
6950,79,95000,86,1300,5,5,69,1035,1179
16950,30,64359,110,1600,3,5,85,1105,20
8950,68,77029,86,1300,3,5,69,1015,781
9250,80,44444,110,1600,3,5,69,1050,1415
7795,75,100192,110,1600,3,5,69,1050,1159
6450,75,101855,110,1600,5,5,85,1070,1151
10450,48,64193,110,1600,3,5,69,1040,477
5950,71,75085,86,1300,5,5,69,1035,1273
11950,40,161000,69,1900,3,5,185,1105,192
8750,66,81083,86,1300,3,5,69,1015,753
10750,57,45000,110,1600,5,5,69,1050,985
7950,65,78076,86,1300,3,5,69,1015,775
10500,55,30461,86,1300,5,5,69,1050,588
6900,76,115345,110,1600,5,5,85,1070,1120
8750,64,98291,86,1300,4,5,69,1000,694
8750,79,89739,86,1300,5,5,69,1035,1203
9900,67,70552,110,1600,5,5,85,1075,821
10450,61,80714,110,1600,5,5,85,1075,754
12900,52,29500,110,1600,3,5,85,1055,591
11450,49,86221,110,1600,3,5,69,1045,429
7400,75,73460,110,1600,5,5,85,1070,1288
12450,42,64564,110,1600,5,5,85,1080,230
23000,11,25000,116,2000,5,5,64,1320,140
9950,46,68414,97,1400,3,5,69,1025,469
7950,74,104150,110,1600,3,5,69,1050,1145
8950,62,75000,110,1600,5,5,85,1070,793
13500,33,78108,90,2000,3,5,210,1170,216
12950,40,16325,110,1600,5,5,85,1080,377
7250,80,74151,110,1600,3,5,69,1050,1282
7600,78,36000,110,1600,3,5,69,1050,1429
9450,62,62377,110,1600,5,5,85,1075,875
11450,46,75249,110,1600,4,5,69,1035,445
17795,9,1,98,1400,4,5,19,1065,171
11250,50,40400,97,1400,5,5,85,1060,559
22950,7,10000,116,2000,5,5,234,1270,116
15950,27,29510,97,1400,3,5,85,1100,33
11950,44,52000,97,1400,3,5,69,1025,260
6250,80,92830,86,1300,3,5,69,1015,1187
10250,54,63792,110,1600,5,5,85,1075,479
9950,53,57948,97,1400,3,5,69,1025,502
8950,65,71317,110,1600,3,5,69,1050,816
15500,22,41000,97,1400,3,5,85,1100,35
11250,47,5309,110,1600,3,5,85,1070,604
7250,69,49640,110,1600,4,5,69,1035,1400
9800,68,83000,107,1600,5,5,85,1100,743
10500,62,93098,110,1600,5,5,85,1075,710
9250,64,73500,110,1600,3,5,69,1050,806
8950,65,100550,110,1600,5,5,85,1075,690
8950,72,91921,86,1300,3,5,69,1020,1191
9750,65,111769,110,1600,3,6,85,1065,665
10950,52,99323,110,1600,3,5,85,1055,414
19950,19,17038,110,1600,5,5,85,1130,153
10950,59,32150,110,1600,5,5,85,1085,1029
6450,72,123403,110,1600,3,5,69,1050,1107
23950,19,21684,192,1800,5,5,19,1185,143
9000,48,119742,110,1600,5,5,85,1080,398
8750,61,136956,110,1600,3,6,85,1065,627
8950,78,65500,86,1300,3,5,69,1015,1334
9900,68,62222,110,1600,5,5,85,1075,879
8700,75,83850,110,1600,3,5,85,1055,1236
22750,30,34000,192,1800,3,5,100,1185,17
6500,70,91900,86,1300,3,5,69,1015,1192
8950,68,101001,110,1600,5,5,85,1075,688
12850,40,41339,110,1600,5,5,85,1080,299
11950,43,74285,110,1600,5,5,85,1075,222
11450,37,21500,110,1600,5,5,69,1030,371
11950,50,47219,110,1600,5,5,85,1080,538
9950,67,75429,110,1600,3,6,85,1065,790
10995,55,36406,110,1600,4,5,69,1035,570
10750,56,47211,110,1600,5,5,85,1070,539
7500,65,59264,86,1300,3,5,69,1015,904
9950,67,108793,110,1600,4,5,69,1035,671
7950,74,84123,110,1600,3,5,69,1050,1232
7500,62,183500,72,2000,5,5,185,1140,611
9700,51,57645,110,1600,5,5,85,1080,503
12950,43,43632,110,1600,5,5,85,1075,291
6950,72,42000,110,1600,3,5,69,1050,1422
9950,80,94079,110,1600,5,5,85,1085,1181
8900,45,174000,69,1900,5,5,185,1095,385
9950,62,109547,110,1600,5,5,85,1075,668
8895,61,50925,110,1600,5,5,85,1070,963
10450,46,30806,97,1400,5,5,85,1060,587
12950,39,34599,110,1600,5,5,85,1075,326
15950,28,29206,97,1400,5,5,85,1110,71
11500,35,24011,97,1400,3,5,69,1025,364
9950,50,102030,97,1400,5,5,85,1060,411
8950,73,97494,110,1600,5,5,85,1085,1170
9799,51,59000,97,1400,3,5,69,1025,495
9750,68,69103,110,1600,4,5,69,1035,829
10950,57,118833,110,1600,3,6,85,1065,647
8250,59,113700,110,1600,5,5,19,1065,659
8950,79,66855,110,1600,5,5,85,1075,1329
14950,41,28571,110,1600,5,5,85,1090,348
7500,76,70039,110,1600,3,5,69,1050,1313
8750,68,101889,110,1600,5,5,85,1075,685
10950,58,51421,110,1600,5,3,85,1105,960
9950,68,42750,110,1600,3,5,69,1050,1000
7350,58,54000,86,1300,5,5,69,1035,947
8950,75,57537,86,1300,5,5,69,1050,1378
6750,77,105152,86,1300,3,5,69,1015,1142
10500,52,31579,97,1400,3,5,69,1025,585
7950,80,35821,86,1300,3,5,19,1015,1430
8450,63,88685,110,1600,5,5,85,1070,724
13950,52,66527,110,1600,5,5,85,1080,471
18800,14,11500,110,1600,3,5,69,1045,107
11895,41,39439,97,1400,5,5,85,1060,307
7750,73,39168,86,1300,3,5,69,1015,1425
9450,61,54125,110,1600,5,5,69,1035,944
9950,64,74193,110,1600,3,5,69,1050,802
9950,63,47612,86,1300,3,5,69,1015,975
13950,24,41711,90,2000,3,5,210,1165,3
6900,69,146304,72,2000,3,5,185,1115,1079
5950,75,74567,86,1300,3,5,19,1015,1280
6750,74,104000,86,1300,3,5,69,1010,1146
7950,78,72000,110,1600,3,5,85,1055,1298
10950,47,45850,97,1400,5,5,85,1060,548
19900,20,23000,110,1600,5,5,85,1130,141
8950,65,132807,72,2000,5,5,185,1135,631
8900,78,97534,110,1600,5,5,85,1070,1169
9950,63,89000,110,1600,5,5,85,1085,722
13500,33,57711,90,2000,3,5,210,1165,245
11750,33,55350,110,1600,5,5,85,1075,252
9250,66,52383,86,1300,3,5,69,1015,957
7950,70,87000,110,1600,4,5,69,1035,1215
8950,65,75000,86,1300,3,5,19,1015,792
7950,76,124591,110,1600,5,5,85,1075,1105
19500,14,6500,110,1600,4,5,85,1100,165
6150,80,194765,72,2000,3,5,185,1120,1056
8500,69,197501,72,2000,5,5,185,1135,1055
7600,77,114258,86,1300,5,5,69,1050,1123
11450,54,62987,110,1600,5,5,85,1080,485
10950,54,81905,110,1600,5,5,19,1105,435
9850,65,62396,110,1600,3,5,69,1050,874
10500,65,67003,110,1600,4,5,69,1035,843
7250,78,96000,86,1300,3,5,69,1015,1174
8500,78,67255,110,1600,5,5,85,1085,1325
8800,68,66550,86,1332,3,5,69,1010,845
12950,67,58058,110,1600,3,6,85,1065,917
8950,70,44850,110,1600,3,5,69,1050,1413
9950,65,65513,110,1600,4,5,85,1070,852
7999,65,95000,110,1600,3,5,69,1050,704
18500,13,18000,71,1400,3,5,85,1125,103
9950,55,97234,110,1600,5,5,85,1080,418
9450,63,115000,110,1600,3,5,197,1109,656
8750,65,91246,86,1300,3,5,69,1015,716
10900,60,70453,72,2000,5,5,185,1135,823
8950,76,73116,110,1600,5,5,85,1075,1290
9650,67,69000,110,1600,3,6,85,1065,831
10950,60,28500,110,1600,5,5,85,1075,1037
10950,44,74846,97,1400,3,5,69,1025,220
19950,28,28000,110,1600,5,5,85,1130,75
9950,54,103454,110,1600,5,5,85,1075,408
5950,78,82595,86,1300,3,5,19,1015,1244
7950,58,43000,110,1600,4,3,72,1114,996
10950,39,48945,110,1600,3,5,69,1040,271
12950,50,10210,97,1400,5,5,85,1065,603
17950,22,72215,90,2000,5,5,234,1255,49
31000,4,4000,116,2000,5,5,283,1480,112
9950,57,102300,72,2000,5,5,185,1135,683
9995,61,73894,110,1600,3,6,85,1065,805
17495,27,34545,110,1600,3,5,85,1120,27
24500,13,19988,110,1600,5,5,85,1130,149
9500,59,86871,86,1300,5,5,69,1040,732
6900,65,176184,72,2000,3,5,185,1115,612
21950,31,64982,192,1800,5,6,100,1195,50
11950,44,29716,110,1600,3,5,85,1070,344
6650,78,95909,110,1600,5,5,85,1070,1176
10500,56,19313,97,1400,3,5,69,1025,599
7500,71,83291,110,1600,5,5,85,1070,1239
6950,77,131307,110,1600,3,5,69,1050,1092
9695,57,43000,110,1600,5,5,85,1075,998
15950,13,29371,110,1600,4,5,19,1105,135
19750,16,11754,110,1600,5,5,100,1180,161
9450,66,58113,107,1600,3,5,85,1085,916
11950,40,73042,110,1598,5,5,85,1075,224
7950,78,91399,110,1600,5,5,85,1070,1193
7950,61,88127,86,1300,3,5,69,1015,727
12000,39,50000,97,1400,5,5,85,1060,266
10950,50,74849,110,1600,4,5,85,1060,448
11750,43,53773,110,1600,5,5,85,1075,254
8950,71,29000,86,1300,3,5,69,1045,1434
8700,75,109540,110,1600,5,5,85,1085,1133
14350,41,24475,110,1600,5,5,69,1030,362
8950,66,39222,86,1300,3,5,69,1045,1006
7950,74,137741,90,2000,5,5,185,1135,1085
9500,80,137178,90,2000,5,5,185,1135,1086
7750,64,43000,86,1300,3,5,69,1015,999
8950,56,31000,97,1400,3,5,69,1025,586
12000,56,61000,110,1600,3,5,69,1050,491
9750,64,89145,86,1300,3,5,69,1025,721
9500,77,75799,110,1600,3,5,19,1050,1268
8450,67,52800,86,1300,3,5,69,1015,954
10950,44,60500,110,1600,5,5,85,1075,238
8950,68,53000,110,1587,3,5,19,1075,951
8100,68,65400,86,1300,4,5,69,1000,854
17950,24,21716,110,1600,3,5,85,1105,18
6500,78,176000,86,1300,5,5,69,1035,1062
7950,75,69388,86,1300,3,5,69,1010,1315
10950,56,46500,86,1300,5,5,69,1035,541
12500,54,84598,110,1600,5,5,19,1075,430
17450,18,23902,97,1400,3,5,85,1100,100
9750,70,57829,110,1600,3,5,19,1050,1375
10500,56,48731,110,1600,3,5,85,1055,531
9850,53,72000,97,1400,3,5,69,1025,458
8050,74,100732,86,1300,4,5,69,1030,1155
11750,42,55400,110,1600,5,5,85,1075,251
8500,78,36000,86,1300,3,5,69,1045,1428
12750,36,63459,97,1400,5,5,85,1060,231
8950,69,156204,72,2000,3,5,185,1115,1071
11290,49,80320,110,1600,3,5,85,1070,436
8750,62,83908,110,1600,5,5,85,1070,741
8950,68,95000,110,1600,3,5,69,1050,703
10950,43,85017,97,1400,5,5,85,1060,209
8250,72,93066,110,1600,5,5,85,1075,1184
12900,33,31000,110,1600,5,5,19,1075,339
14900,30,7000,97,1400,5,5,85,1100,87
19600,25,32189,192,1800,3,6,100,1185,13
9250,80,128351,110,1600,5,5,85,1070,1096
18900,11,12500,110,1600,5,5,85,1115,159
10900,57,35000,86,1300,5,5,69,1045,1023
8950,53,115113,97,1400,3,5,69,1025,403
9450,70,85470,107,1600,3,5,85,1080,1225
8990,65,76155,110,1600,4,5,69,1035,787
13500,43,10000,97,1400,5,5,85,1060,380
8400,60,52487,110,1600,4,5,69,1035,956
9650,53,49969,110,1600,5,5,85,1075,525
8950,73,84402,110,1600,4,5,69,1035,1231
9250,67,56074,86,1300,4,5,69,1000,931
13500,23,46986,90,2000,3,5,210,1165,1
9950,64,114846,110,1600,5,5,85,1075,657
7900,75,150000,72,2000,3,5,64,1135,1078
8900,49,74494,110,1600,5,5,85,1075,452
15500,25,49163,110,1600,5,5,100,1165,55
11950,58,34000,110,1600,5,5,85,1075,1025
10950,59,22705,110,1600,5,5,85,1075,1044
7750,59,154783,72,2000,3,5,185,1120,616
10250,57,54000,110,1600,3,5,19,1135,948
7950,79,131500,72,2000,5,5,185,1140,1091
17795,1,1,98,1400,4,5,19,1100,186
12950,38,48197,110,1600,5,5,85,1075,273
12950,50,29686,110,1600,3,5,85,1075,589
6900,60,139800,72,2000,3,5,185,1115,625
11450,55,68520,72,2000,3,5,185,1115,468
19750,17,11999,110,1600,5,5,85,1130,160
11900,41,29716,116,1600,5,5,85,1075,343
18500,11,16123,110,1600,3,5,85,1105,104
8950,47,38900,97,1400,3,5,69,1025,566
7250,80,122820,86,1300,5,5,69,1040,1110
10750,54,115558,110,1600,4,5,69,1035,402
24990,8,6000,90,2000,5,5,234,1280,117
7250,74,124910,72,2000,5,5,185,1135,1103
8250,80,52700,110,1600,3,5,69,1050,1392
8950,80,83540,110,1600,5,5,85,1070,1237
8500,67,92922,72,2000,4,5,185,1100,711
10950,56,35230,97,1400,3,5,69,1025,576
10500,35,43000,110,1600,3,5,69,1050,294
8950,54,149329,72,2000,5,5,185,1135,387
13750,38,28150,110,1600,5,5,85,1075,350
6500,78,130000,86,1300,5,5,19,1015,1094
10845,72,19000,86,1300,3,5,69,1015,1439
7950,75,61626,86,1300,5,5,69,1035,1353
10450,58,30634,110,1600,5,5,85,1075,1034
10750,55,52149,97,1400,3,5,19,1085,518
9950,59,67010,110,1600,3,6,85,1065,842
11495,39,46694,110,1600,3,5,69,1040,279
16250,20,32627,97,1400,5,5,85,1110,132
8900,64,73300,86,1300,3,5,69,1015,808
7950,68,78521,86,1300,3,5,69,1015,773
6950,79,218118,72,2000,5,5,185,1150,1050
9500,65,70068,110,1600,5,5,85,1075,826
12950,39,24444,110,1600,3,5,69,1040,363
10950,35,21904,97,1400,3,5,69,1025,369
13500,42,38932,110,1600,3,5,69,1040,309
5950,77,145996,110,1600,4,5,69,1035,1081
15950,25,29719,97,1400,5,5,85,1110,70
15750,26,43000,97,1400,3,5,85,1100,36
11900,41,61000,110,1600,5,5,85,1075,236
4750,44,131273,69,1800,5,5,64,1110,194
14950,26,32692,97,1400,3,5,85,1100,34
17950,20,7187,110,1600,3,5,85,1105,109
9995,68,44458,86,1300,3,5,69,1015,993
18450,27,23489,110,1600,5,5,85,1115,78
9500,68,110287,110,1600,3,5,69,1050,667
10995,63,68153,110,1600,5,5,85,1085,836
16950,28,44142,110,1600,3,5,85,1120,29
6750,75,87613,86,1300,3,5,69,1015,1212
10500,54,115046,69,1900,5,5,185,1140,404
6495,71,59164,110,1600,4,5,69,1035,1368
6750,76,57263,110,1600,3,5,69,1050,1379
9750,48,78600,110,1600,5,5,85,1075,440
13950,42,42560,110,1600,5,5,85,1080,296
8950,78,24000,86,1300,5,5,85,1065,1436
11500,55,63000,110,1600,4,5,69,1035,484
8950,69,99374,86,1300,5,5,69,1035,1163
6950,77,90305,86,1300,3,5,69,1015,1197
19500,12,13634,110,1600,5,5,85,1115,155
8750,57,88480,110,1600,3,5,69,1050,726
18950,28,28817,110,1598,5,5,85,1130,73
10250,62,39000,110,1600,5,5,85,1075,1008
9750,57,45000,110,1600,3,5,69,1050,986
8950,72,75525,110,1600,3,5,19,1114,1269
8500,62,105000,86,1300,5,5,69,1040,675
9250,61,110853,110,1600,5,5,85,1070,666
8250,77,93000,110,1600,5,5,85,1075,1186
7800,73,56566,110,1600,3,5,69,1050,1383
9250,80,93841,110,1600,5,5,85,1070,1182
11500,48,89049,97,1400,5,5,85,1060,426
9400,69,67092,72,2000,3,5,185,1115,1327
17950,30,33511,110,1600,5,5,85,1130,64
7750,77,54439,86,1300,3,5,69,1015,1388
21750,13,13178,110,1600,5,5,85,1130,156
13450,39,46821,97,1400,5,5,85,1060,278
10950,50,82735,97,1400,3,5,69,1030,434
9250,61,54000,110,1600,3,5,85,1055,945
12950,50,83106,110,1600,5,5,85,1075,432
8250,63,44944,110,1600,4,5,69,1035,991
20500,12,5000,110,1600,5,5,85,1130,170
18750,11,24500,110,1600,3,5,85,1120,99
8500,68,88807,110,1600,3,5,69,1050,723
21500,27,19700,192,1800,3,5,100,1185,9
9950,59,80430,110,1600,3,6,85,1065,757
15250,28,43210,97,1400,5,5,85,1110,57
21950,8,10841,90,2000,5,5,234,1270,118
8400,77,60000,110,1600,3,5,69,1050,1363
8950,62,64966,86,1300,3,5,69,1020,859
8450,65,93408,86,1300,3,5,69,1015,708
8600,68,117955,110,1600,4,5,85,1065,649
12500,38,26000,97,1400,5,5,85,1060,356
7950,61,102106,110,1600,3,5,69,1050,684
10500,52,46029,110,1600,4,5,69,1030,545
10450,65,33000,110,1600,3,5,69,1050,1028
21950,8,5000,110,1600,5,5,85,1130,180
5751,67,174833,72,2000,4,5,185,1100,613
7750,71,74000,110,1600,3,5,69,1050,1285
12950,49,41636,110,1600,5,5,19,1105,556
7450,65,82000,86,1300,3,5,69,1015,748
12995,32,29198,97,1400,5,5,85,1060,72
8950,70,51874,86,1300,4,5,69,1000,1398
9900,65,97173,86,1300,3,5,69,1015,697
12450,38,26262,110,1600,5,5,85,1075,355
9750,63,64690,86,1300,3,5,69,1020,864
12750,37,39757,110,1600,5,5,85,1075,302
22500,6,3000,110,1600,5,5,85,1130,181
10950,42,33623,97,1400,3,5,69,1025,328
9950,50,126110,110,1600,3,5,85,1055,397
9250,78,69000,110,1600,5,5,85,1075,1317
8600,76,134889,72,2000,3,5,185,1115,1087
18900,20,31850,110,1600,3,5,85,1120,95
8950,68,140000,110,1600,5,5,85,1085,624
10950,62,80000,110,1600,5,5,85,1075,763
8950,65,47014,86,1300,3,5,69,1015,980
9900,68,93296,110,1600,5,5,85,1090,709
11650,39,37782,97,1400,5,5,85,1060,315
11695,43,33113,110,1600,5,5,85,1075,331
7900,70,85000,110,1600,3,5,85,1055,1227
9950,75,69320,110,1600,5,5,85,1070,1316
10950,54,39291,110,1600,3,5,69,1040,564
7500,73,87358,110,1600,3,5,69,1050,1213
11790,34,78677,110,1600,5,5,85,1105,214
7450,75,89507,86,1300,3,5,69,1015,1205
11710,48,35142,110,1600,3,5,85,1055,577
9950,65,80153,110,1600,5,5,85,1070,760
19250,20,63000,90,2000,5,5,234,1255,120
9500,62,49258,110,1600,4,5,69,1035,970
16950,17,36012,110,1600,5,5,85,1130,126
5600,75,146197,86,1300,3,5,69,1015,1080
13450,33,51945,110,1600,5,5,85,1075,261
17950,27,32809,97,1400,5,5,85,1110,65
12450,35,71200,110,1600,5,5,85,1075,226
8745,65,45681,110,1600,3,5,69,1050,983
9500,58,73172,110,1600,5,5,85,1075,809
8950,79,93039,110,1600,3,5,69,1050,1185
9950,48,28656,97,1400,3,5,19,1085,592
9750,69,52320,110,1600,5,5,85,1070,1393
8950,68,43000,110,1600,5,5,69,1035,997
14750,40,80425,90,2000,5,5,210,1205,213
9750,58,105942,86,1300,5,5,69,1040,673
6950,73,88186,72,2000,3,5,185,1115,1209
19950,7,6250,110,1600,5,5,85,1115,179
8750,62,80265,86,1300,3,5,69,1015,759
11450,37,38812,97,1400,3,5,69,1025,310
11950,41,51732,97,1400,3,5,69,1025,262
8500,77,170000,72,2000,4,5,185,1100,1064
5950,73,176177,110,1600,5,5,85,1075,1061
9930,53,63635,110,1600,4,5,69,1035,480
7950,73,87000,86,1300,3,5,69,1015,1217
9900,62,57179,110,1600,5,5,85,1075,923
7500,78,109263,110,1600,5,5,85,1070,1134
11900,47,102352,110,1600,5,5,85,1080,410
11500,52,35823,110,1600,5,5,85,1075,575
8750,80,82021,86,1300,5,5,69,1035,1247
9130,67,79762,86,1300,3,5,69,1015,767
6250,67,149000,90,2000,5,5,64,1135,619
9750,67,67110,86,1300,5,5,69,1035,841
16450,20,48110,97,1400,3,5,85,1100,91
9900,59,46929,86,1300,3,5,69,1025,981
7400,80,65950,110,1600,5,5,85,1070,1333
8950,68,64000,110,1600,5,5,85,1075,868
5950,71,134660,72,2000,5,5,64,1135,1088
8500,80,100458,110,1600,5,5,85,1085,1158
11950,51,98040,110,1600,5,5,85,1080,416
9750,67,64613,110,1600,5,5,85,1085,866
11925,44,63451,97,1400,3,5,69,1025,232
9950,68,80426,110,1600,3,5,85,1055,758
7750,77,84000,110,1600,5,5,85,1085,1235
9750,65,77500,110,1600,3,5,69,1050,779
8950,59,98658,86,1300,3,5,69,1020,692
8750,74,42317,107,1600,5,5,85,1100,1420
9390,66,50806,86,1300,3,5,19,1480,964
13250,44,21027,110,1600,5,5,85,1080,372
11500,55,54900,97,1400,5,5,85,1060,510
9750,64,34114,110,1600,3,5,69,1050,1024
8950,61,51235,86,1300,4,5,69,1000,961
8950,63,59000,110,1600,3,5,69,1050,905
10750,36,36269,110,1600,5,5,85,1075,323
6750,80,86109,110,1600,3,5,85,1055,1220
10495,62,58000,110,1600,3,6,85,1065,919
10450,62,82421,110,1600,3,6,85,1065,745
9900,56,62751,110,1600,3,5,69,1050,486
8250,59,112827,86,1300,5,5,69,1040,661
6900,76,125778,110,1600,3,5,69,1050,1101
8250,80,76000,110,1600,3,5,69,1050,1265
11500,46,34000,110,1600,5,5,85,1075,580
8250,80,87000,86,1300,3,5,69,1015,1218
10400,68,66785,86,1300,3,5,69,1045,844
10950,57,55000,110,1600,5,5,85,1075,939
4450,56,129155,69,1800,5,5,64,1110,396
11500,39,12000,110,1600,5,5,85,1075,379
10950,54,71276,110,1600,5,5,85,1080,460
6800,80,110000,110,1600,4,5,69,1035,1132
8950,52,31000,97,1398,3,5,69,1025,606
8500,73,84988,110,1600,3,5,69,1050,1228
7950,79,72328,110,1600,5,5,85,1075,1293
9950,58,115715,110,1600,5,5,85,1070,653
10995,59,87654,86,1300,5,5,85,1065,730
8950,65,57374,110,1600,5,5,85,1075,922
8250,65,80086,110,1600,4,5,69,1035,762
7300,80,92096,86,1300,5,5,69,1035,1190
15950,20,33329,97,1400,3,5,85,1100,94
11250,52,58596,110,1600,3,5,69,1045,498
5750,76,183277,72,2000,3,5,185,1115,1058
8950,65,51000,86,1300,3,5,69,1015,962
10500,41,22780,86,1300,5,5,69,1035,368
17200,20,17300,97,1400,5,5,85,1110,152
12950,35,46304,97,1400,5,5,85,1060,282
9750,65,59000,110,1600,5,5,19,1075,907
10995,49,74656,69,1900,3,5,185,1105,450
11950,37,82743,110,1600,5,5,197,1121,211
16950,19,13748,97,1400,3,5,85,1100,106
22250,17,57313,110,2000,5,5,234,1275,121
10950,38,58798,110,1600,5,5,85,1075,242
7750,63,109230,110,1600,3,5,69,1050,669
8250,67,60000,86,1300,4,5,69,1030,900
10750,46,69574,97,1400,5,5,85,1065,465
10950,47,60348,110,1600,4,5,69,1030,493
8250,63,94504,86,1300,4,5,69,1000,706
10295,67,62316,110,1600,3,5,69,1050,876
22000,28,18739,192,1800,3,6,100,1185,16
21125,2,225,97,1400,5,5,85,1110,184
7950,72,78120,110,1600,5,5,85,1075,1259
9250,63,102807,86,1300,5,5,85,1055,681
19450,11,14635,110,1600,3,5,100,1155,105
7500,78,71186,110,1600,3,5,69,1050,1305
10850,43,54600,110,1600,4,5,69,1030,253
8900,61,52112,110,1600,4,5,69,1035,958
7900,75,125400,110,1600,3,5,69,1050,1102
10250,55,77780,110,1600,3,5,69,1040,441
7995,59,121626,86,1300,5,5,69,1050,641
6900,74,101773,110,1600,3,5,69,1050,1152
19600,9,7650,110,1600,5,5,85,1115,164
16450,16,20105,97,1400,5,5,85,1110,147
7950,66,45000,86,1300,5,5,69,1035,988
8950,69,75000,86,1300,4,5,69,1000,1275
11450,56,74500,97,1400,3,5,69,1025,451
10950,48,26938,110,1600,3,5,69,1040,594
12295,33,42823,110,1600,5,5,85,1075,295
10950,76,53133,110,1600,5,5,85,1070,1390
21500,31,23000,192,1800,3,6,100,1185,14
6650,75,123104,110,1600,5,5,85,1070,1108
7250,80,66880,110,1600,3,5,85,1055,1328
10950,49,107859,97,1400,5,5,85,1060,406
8250,71,120474,72,2000,3,5,185,1115,1114
11250,44,36066,110,1600,3,5,69,1040,325
10750,50,61672,110,1600,5,5,85,1075,489
7995,62,64797,110,1600,5,5,85,1075,862
9950,47,26221,97,1400,3,5,69,1025,596
9750,68,58860,110,1600,3,5,85,1055,910
8250,52,135258,69,1900,5,5,185,1140,394
12950,33,33591,110,1600,5,5,85,1075,329
13950,41,37533,110,1600,5,5,85,1075,317
8250,73,128006,110,1600,3,5,69,1050,1097
9500,59,71366,110,1600,3,6,85,1065,815
7490,73,76151,86,1300,3,5,69,1015,1264
10900,57,33535,110,1600,4,5,69,1035,1027
19500,16,13000,110,1600,4,5,85,1105,158
14990,33,24650,110,1600,3,5,85,1055,360
10950,55,58377,110,1600,3,5,69,1050,500
9950,49,131364,110,1600,5,5,85,1075,395
13950,43,39650,110,1600,3,5,85,1055,304
7450,74,112307,110,1600,5,5,85,1070,1125
15950,30,67660,110,1600,3,5,85,1105,21
20950,14,5278,110,1600,4,5,85,1150,169
10000,75,64000,107,1600,3,5,85,1085,1340
11500,47,78785,110,1600,5,5,197,1119,439
7950,80,102300,86,1300,3,5,69,1015,1148
7750,79,65254,86,1300,3,5,69,1015,1336
12250,60,96000,72,2000,4,5,185,1100,700
8450,72,26000,86,1300,3,5,69,1015,1435
17950,27,79375,90,2000,5,5,234,1255,47
9450,64,72000,86,1300,3,5,69,1015,813
6950,58,205000,72,2000,4,5,185,1100,607
9950,48,48071,97,1400,3,5,69,1025,533
7500,80,73200,110,1600,5,5,85,1070,1289
9950,63,36923,86,1300,5,5,69,1050,1016
12950,50,45900,110,1600,5,5,85,1075,547
5950,79,71263,86,1300,3,5,69,1015,1304
8450,75,38945,110,1600,3,5,69,1050,1426
6950,80,71740,110,1600,5,5,85,1070,1301
9950,79,55425,110,1600,5,5,85,1075,1387
9250,68,84976,110,1600,4,5,69,1035,737
8950,68,54875,110,1600,5,5,85,1070,941
14900,30,22000,97,1400,5,5,85,1110,80
6900,69,58952,110,1600,3,5,69,1050,1370
13950,35,32941,110,1600,5,5,85,1080,333
11895,52,47689,110,1600,5,5,85,1075,536
8750,67,83560,86,1300,3,5,69,1015,742
8250,65,61384,110,1600,3,5,69,1050,887
8950,66,60000,86,1300,3,5,69,1015,901
8950,68,86714,110,1600,4,5,69,1035,733
7500,50,1,90,2000,3,5,64,1260,605
11895,44,44218,97,1400,5,5,85,1060,290
7500,79,49827,86,1300,5,5,69,1035,1399
6750,80,160000,86,1300,3,5,69,1015,1067
9900,66,94606,110,1600,3,5,85,1065,705
19950,14,5459,110,1600,5,5,85,1130,168
14950,23,10000,97,1400,3,5,85,1100,38
8950,67,127000,72,2000,5,5,185,1135,635
10450,65,36000,110,1600,3,6,85,1065,1019
5250,79,207114,110,1600,5,5,197,1114,1052
11750,42,38078,97,1400,3,5,69,1025,314
14950,22,30400,97,1400,5,5,85,1110,68
6500,72,110634,86,1300,3,5,69,1015,1131
5800,78,161775,86,1300,3,5,69,1015,1066
6950,77,82103,86,1300,3,5,69,1015,1246
10995,50,41273,97,1400,5,5,85,1060,557
7950,72,75840,86,1300,5,5,69,1035,1267
11450,49,73175,97,1400,3,5,69,1030,455
8750,59,50469,110,1600,5,5,85,1070,965
11950,56,33998,110,1600,5,5,85,1080,581
11500,55,33230,110,1600,3,5,69,1050,582
6950,80,143560,86,1300,3,5,69,1045,1082
9800,77,48838,110,1600,3,5,85,1055,1403
11700,40,44830,110,1600,5,5,85,1075,288
15950,25,25000,97,1400,3,5,85,1100,37
9950,63,48738,110,1600,5,5,85,1055,973
11950,55,52141,110,1600,5,5,85,1070,519
8950,75,48400,110,1600,5,5,85,1075,1405
8950,54,64000,97,1400,3,5,69,1025,478
8500,80,70597,107,1600,3,5,85,1080,1310
8950,74,88700,110,1600,3,5,69,1050,1207
7950,73,99971,110,1600,3,5,69,1050,1161
7950,76,43532,110,1600,5,5,85,1070,1418
8500,60,64914,110,1600,5,5,85,1070,861
11495,44,96829,110,1600,5,5,85,1075,202
7750,73,111602,86,1300,3,5,69,1015,1127
12450,54,46230,110,1600,3,5,85,1055,544
10600,51,17069,97,1400,3,5,69,1025,601
7900,76,60000,110,1600,3,5,69,1050,1364
7750,48,140700,69,1900,5,5,64,1110,391
10250,52,49432,110,1600,3,5,69,1050,528
7750,68,74875,110,1600,5,5,85,1070,796
9950,61,44597,86,1300,3,5,19,1015,992
8750,78,180378,72,2000,4,5,185,1100,1059
8450,75,101159,110,1600,5,5,85,1085,1153
9000,80,74196,110,1600,5,5,85,1075,1281
14950,43,25228,110,1600,3,5,69,1045,357
18750,31,36544,110,1600,5,5,85,1130,63
10000,56,52000,97,1400,3,5,69,1025,520
8450,78,75323,86,1300,5,5,69,1050,1270
7950,77,72703,110,1600,3,5,69,1050,1292
6900,62,88000,86,1300,3,5,69,1020,728
9950,55,29650,86,1300,3,6,69,1025,590
8750,66,62135,86,1300,5,5,69,1035,880
7900,68,33847,86,1300,4,5,69,1000,1026
7250,78,87000,110,1600,4,5,69,1035,1216
6950,72,99245,110,1600,5,5,19,1114,1164
13250,32,45725,110,1600,5,5,85,1075,56
8750,73,56307,110,1600,3,5,69,1050,1384
9950,61,49000,110,1600,3,5,69,1050,972
23750,8,11000,110,1600,5,5,85,1130,173
6400,51,198167,69,1900,4,5,185,1095,382
9800,67,126800,72,2000,5,5,185,1135,636
9950,66,120000,72,2000,4,5,185,1100,643
8950,71,72128,107,1600,5,5,85,1100,1295
24950,8,13253,116,2000,5,5,234,1320,114
10950,51,103018,69,1900,5,5,185,1140,409
7950,64,154462,72,2000,5,5,185,1135,617
11750,38,16000,97,1400,5,5,85,1060,378
11950,43,58277,110,1600,3,5,69,1045,244
6950,70,81663,110,1600,3,5,69,1050,1251
11950,38,49500,110,1600,5,5,85,1075,267
10250,54,47852,110,1600,4,5,69,1030,534
11480,41,47350,110,1600,5,5,85,1075,277
9950,63,41586,110,1600,5,5,19,1114,1002
9250,65,98500,110,1600,5,5,85,1075,693
11000,47,40000,110,1600,5,5,85,1080,562
9750,62,61149,86,1300,5,5,69,1040,891
9950,43,37576,97,1400,3,5,69,1030,316
5950,59,105000,86,1300,3,5,19,1015,674
9950,61,66000,110,1600,3,5,69,1050,849
12950,38,67805,110,1600,5,5,85,1075,227
12950,43,89968,69,1900,5,5,185,1140,206
12950,39,45081,110,1600,5,5,85,1075,287
7450,77,70932,110,1600,3,5,69,1050,1309
17950,30,11090,110,1600,3,5,85,1120,30
13250,41,123425,69,1900,5,5,185,1140,196
10495,48,50967,97,1400,5,5,85,1060,521
13000,49,36000,110,1600,5,5,85,1080,573
8950,59,56259,86,1300,3,5,69,1015,929
10500,60,79150,110,1600,5,5,85,1075,769
9900,42,37000,97,1400,3,5,69,1025,320
7495,79,81988,110,1600,5,5,85,1070,1249
9250,58,68723,86,1300,3,5,69,1025,833
20950,14,17896,110,1600,4,5,85,1150,151
7450,70,47955,110,1600,5,5,85,1070,1407
19950,13,21428,110,1600,5,5,85,1130,144
8950,66,97046,86,1300,4,5,69,1000,698
7900,75,43720,110,1600,5,5,85,1070,1416
10750,48,36005,97,1400,5,5,85,1065,571
10500,49,91340,110,1600,3,5,85,1055,423
10950,54,96100,110,1600,5,5,85,1080,420
10500,66,112000,110,1600,3,6,85,1065,663
13950,40,45600,110,1600,5,5,85,1105,285
8950,59,76162,110,1600,5,5,85,1075,786
15450,25,17003,97,1400,5,5,85,1110,83
9895,67,79858,110,1600,4,5,69,1040,766
16500,19,27821,97,1400,5,5,85,1110,137
15750,32,25329,97,1400,3,5,85,1100,39
7450,78,87743,110,1600,3,5,85,1055,1211
8950,48,98100,69,1900,5,5,185,1140,415
18450,10,13747,97,1400,5,5,85,1110,154
8950,79,40093,110,1600,5,5,19,1114,1423
8950,77,62595,110,1600,3,5,69,1050,1347
19950,14,6000,110,1600,5,5,85,1130,167
19950,19,51099,90,2000,5,5,234,1255,123
8500,77,45507,110,1600,3,5,69,1050,1411
10900,46,53700,97,1400,5,5,85,1060,512
11500,65,53053,110,1600,5,5,85,1075,950
18500,16,20629,110,1600,4,5,85,1090,145
12950,38,74319,110,1600,5,5,85,1075,221
11950,40,179860,90,2000,5,5,210,1205,190
9950,53,117913,69,1900,5,5,64,1110,399
8750,74,89800,72,2000,3,5,185,1115,1202
21950,8,9788,110,1600,5,5,85,1130,176
7600,78,74926,110,1600,5,5,85,1075,1277
8950,71,65021,72,2000,3,5,185,1115,1337
10900,50,65471,97,1400,5,5,85,1060,473
7500,80,42186,110,1600,3,5,69,1050,1421
7000,53,176000,69,1900,3,5,185,1105,383
16900,27,94612,90,2000,3,5,210,1245,7
11450,48,49417,110,1600,3,5,69,1045,529
11500,54,55877,110,1600,5,5,85,1075,508
13450,34,48011,110,1600,4,5,69,1030,275
9200,69,89096,110,1600,5,5,85,1085,1206
8200,60,64383,86,1300,3,5,69,1015,867
19950,16,34472,90,1995,3,5,234,1260,93
8950,80,86000,110,1600,3,5,19,1050,1222
8950,62,75569,72,2000,3,5,185,1120,789
9000,79,61165,107,1600,3,5,85,1080,1355
10500,55,117175,110,1600,4,5,69,1035,401
9950,65,63000,86,1300,5,5,85,1065,872
9950,61,97648,110,1600,3,6,85,1065,695
8250,76,67266,86,1300,5,5,69,1035,1324
17950,22,62636,90,2000,5,5,234,1255,51
16950,26,32181,110,1600,5,5,19,1075,66
7350,65,140168,72,2000,3,5,185,1115,623
7500,75,74000,86,1300,3,5,69,1015,1286
10850,54,47768,110,1600,3,5,85,1055,535
15950,19,51884,97,1400,3,5,85,1100,89
12850,39,45713,97,1400,5,5,19,1085,284
8250,76,84472,110,1600,5,5,85,1070,1230
7950,68,115071,110,1600,3,5,85,1055,655
7800,64,65000,110,1600,3,5,69,1050,856
7500,78,89953,110,1600,5,5,19,1114,1201
11000,41,33000,110,1600,5,6,19,1075,332
9500,68,80121,110,1600,5,5,85,1070,761
21950,27,49866,192,1800,5,5,100,1195,54
8750,69,75000,86,1300,4,5,69,1000,1276
6950,78,159968,72,2000,3,5,185,1115,1068
11250,56,58142,110,1600,5,5,85,1080,501
7900,50,99865,110,1600,4,5,69,1035,413
7250,77,121545,110,1600,5,5,85,1070,1113
10250,53,143513,69,1900,5,5,185,1140,389
8950,59,137050,110,1600,3,5,197,1078,626
15850,13,33477,110,1600,5,5,19,1075,131
9950,62,61254,110,1600,5,5,85,1075,889
12500,36,43427,110,1600,3,5,69,1040,292
5950,74,68285,110,1600,3,5,69,1050,1320
13500,39,56001,110,1600,5,5,85,1075,247
7900,77,126000,110,1600,5,5,69,1050,1100
7000,73,47360,86,1300,3,5,69,1010,1410
6750,77,90000,86,1300,3,5,69,1015,1199
19950,17,30351,90,1995,3,5,234,1260,96
15750,30,57086,97,1400,5,5,85,1110,52
11950,41,21651,97,1400,3,5,69,1025,370
8950,60,70954,110,1600,3,5,69,1050,818
9950,78,30964,110,1600,3,4,85,1080,1433
6999,71,64000,110,1600,5,5,85,1070,1341
14950,42,53719,110,1600,5,5,85,1105,255
9450,60,115191,110,1600,4,5,197,1079,654
12450,47,117430,90,2000,3,5,210,1165,400
10450,60,47060,110,1600,4,5,69,1035,979
8950,65,55000,86,1300,3,5,69,1015,938
8250,64,150585,110,1600,3,6,85,1065,618
8495,68,104299,110,1600,5,5,85,1085,676
10950,64,73376,110,1600,5,5,85,1070,807
13950,35,59500,69,1900,3,5,64,1110,239
8450,70,124743,110,1600,3,5,69,1050,1104
9950,75,107000,110,1600,3,5,69,1050,1137
9900,57,31307,110,1600,5,5,85,1070,1032
8150,65,87821,86,1300,3,5,69,1015,729
7950,73,103121,86,1300,5,5,69,1035,1147
9750,67,67762,110,1600,3,6,85,1065,839
10250,61,95147,110,1600,3,5,85,1050,702
12750,43,46515,97,1400,5,5,69,1025,280
16250,13,25170,110,1600,5,5,19,1105,139
13500,35,48052,69,1900,3,5,185,1105,274
7995,65,60724,86,1300,3,5,69,1015,897
13750,23,72937,90,2000,3,5,210,1165,2
8950,65,62225,110,1600,3,5,69,1050,878
10750,56,43700,86,1300,3,5,69,1025,551
15750,23,28227,97,1400,5,5,85,1110,74
12950,33,28715,110,1600,5,5,85,1075,347
8250,80,57787,86,1300,3,5,69,1015,1376
9450,66,15110,86,1300,5,5,69,1035,1048
9450,66,126452,110,1600,5,5,85,1085,637
9450,63,77457,110,1600,3,5,85,1055,780
10950,57,61682,110,1600,3,5,69,1050,884
8950,72,71054,86,1300,3,5,69,1045,1306
10900,50,46000,97,1400,3,5,69,1025,546
7750,75,82256,110,1600,3,5,69,1050,1245
6900,59,144521,72,2000,5,5,64,1135,621
10450,49,41710,110,1600,3,5,69,1040,554
18245,9,1,110,1600,5,5,19,1075,172
8750,67,76569,86,1300,3,5,69,1020,785
8250,66,58654,110,1600,5,5,85,1070,912
9995,57,55844,86,1300,5,5,69,1045,933
8450,69,74573,110,1600,5,5,85,1085,1279
7950,71,82700,110,1600,3,5,69,1050,1242
11750,54,58530,110,1600,5,5,85,1075,499
9950,58,72928,110,1600,5,5,85,1075,810
7750,43,178858,110,1600,3,5,197,1084,191
16868,15,13157,97,1400,4,5,85,1085,157
9750,52,89000,110,1600,5,5,85,1075,427
21950,19,50005,110,2000,3,5,234,1265,90
19450,19,18328,110,1600,5,5,85,1130,150
18950,8,7000,110,1600,5,5,85,1115,178
11950,42,30190,110,1600,5,5,85,1075,342
8250,67,57000,110,1600,3,5,69,1050,927
8450,68,90727,110,1600,3,5,69,1050,718
8450,78,73638,86,1300,4,5,19,1015,1287
6500,80,105135,110,1600,3,5,69,1050,1143
10500,77,172980,72,2000,5,5,64,1135,1063
7950,71,139145,73,2000,2,5,185,1115,1083
9950,62,61930,110,1600,4,5,69,1035,883
12900,41,61200,110,1600,3,5,69,1045,235
12950,43,27301,110,1600,3,5,69,1040,351
10950,67,65785,110,1600,5,5,85,1075,851
6950,80,84000,110,1600,5,5,85,1075,1233
6950,68,70000,86,1300,3,5,69,1015,828
11950,51,50000,86,1300,5,5,69,1045,524
13450,40,28362,110,1600,3,5,69,1040,349
16650,25,15414,97,1400,5,5,85,1110,85
8950,76,89520,110,1600,3,5,69,1050,1204
12950,44,37389,110,1600,5,5,85,1080,318
9950,61,76700,86,1300,5,5,69,1035,784
9900,73,59240,110,1600,3,5,69,1050,1367
7950,64,78356,86,1300,3,5,69,1015,774
10750,60,31480,110,1600,3,6,85,1065,1031
10750,49,80090,97,1400,3,5,69,1030,437
10450,62,84549,110,1600,5,5,85,1075,739
9950,58,58000,110,1600,3,5,69,1050,918
8750,77,70124,110,1600,3,5,69,1050,1312
8750,61,38019,110,1600,5,5,85,1070,1009
8900,73,97085,110,1600,5,5,85,1085,1171
5950,68,194545,86,1300,4,5,69,1000,609
10500,61,66259,110,1600,3,6,85,1065,846
11950,54,77270,110,1600,4,5,69,1035,443
18245,1,1,110,1600,5,5,19,1075,187
17900,7,1,110,1600,3,5,85,1105,119
8250,77,61648,110,1600,5,5,85,1070,1352
9500,63,22178,86,1300,3,5,69,1015,1045
18950,13,57037,110,1600,5,5,85,1115,122
15750,22,35199,97,1400,3,5,85,1100,32
10900,54,37000,97,1400,3,5,69,1025,569
9500,79,56214,86,1300,3,5,69,1015,1385
6950,43,243000,69,1900,3,5,185,1110,188
7995,76,68000,110,1600,5,5,85,1075,1321
10950,38,41754,110,1600,3,5,69,1040,297
6950,76,1,110,1600,5,5,19,1114,1442
9250,65,35283,86,1300,3,5,69,1015,1021
8900,59,86888,110,1600,3,5,69,1050,731
9950,64,58136,110,1600,5,5,85,1075,915
9950,67,113118,86,1300,3,5,69,1020,660
9995,61,57169,110,1600,3,6,85,1065,924
8495,77,64280,110,1600,4,5,69,1035,1339
9250,76,110901,110,1600,5,5,85,1085,1129
10500,68,26698,110,1600,3,5,85,1055,1039
11950,54,58745,110,1600,4,5,69,1035,497
12900,39,55678,110,1600,4,5,69,1030,249
5150,56,113997,72,2000,5,5,64,1135,405
10950,58,63870,72,2000,5,5,185,1135,870
10950,65,64630,110,1600,5,5,85,1070,865
10995,59,60708,86,1300,5,5,69,1045,898
7460,80,111392,110,1598,3,5,197,1083,1128
8500,77,71825,110,1600,5,5,85,1075,1300
10250,39,18500,110,1600,4,5,69,1030,373
10500,63,57413,107,1600,5,5,85,1115,921
7750,54,174139,72,2000,4,5,185,1100,384
18950,25,20019,110,16000,5,5,100,1180,81
12500,41,39659,110,1600,3,5,69,1045,303
8950,71,47633,110,1600,5,5,85,1075,1408
11690,33,57269,110,1600,5,5,85,1075,246
10950,62,35512,110,1600,3,6,85,1065,1020
6500,78,115000,107,1600,5,5,85,1100,1122
12900,42,53350,110,1600,5,5,85,1075,257
20950,25,31461,192,1800,3,6,100,1185,11
8750,76,49170,86,1300,3,5,69,1045,1402
8900,67,54847,110,1600,3,5,69,1050,942
9500,64,52968,110,1600,3,5,69,1050,953
9950,65,55061,110,1600,5,5,85,1070,937
18600,30,75889,90,2000,3,5,210,1245,8
12950,53,47451,110,1600,3,5,85,1055,537
9950,42,105699,97,1400,3,5,69,1025,200
17650,11,6155,97,1400,5,5,85,1110,166
9450,77,52900,110,1600,4,5,19,1075,1391
8950,60,40000,86,1300,4,5,69,1000,1005
8500,72,60483,110,1600,5,5,85,1075,1359
8950,62,74457,110,1600,5,5,85,1075,799
9750,68,37759,110,1600,5,5,85,1070,1010
6500,70,178800,72,2000,3,5,185,1115,1060
17950,20,66966,90,2000,3,5,210,1245,88
9900,68,91505,72,2000,3,5,185,1115,714
9750,56,65400,97,1400,3,5,69,1025,474
7950,77,98000,110,1600,5,5,19,1065,1167
9950,55,27500,97,1400,3,5,69,1025,593
10950,33,77321,110,1600,5,5,85,1075,217
21750,16,36000,110,1600,5,5,85,1130,127
10500,50,83567,110,1600,5,5,85,1075,431
13500,43,48000,110,1600,5,5,85,1075,276
13750,39,40000,110,1600,3,5,85,1055,301
7150,70,61000,110,1600,4,5,69,1035,1356
11450,40,78425,110,1600,5,5,85,1075,215
10950,53,26624,97,1400,5,5,85,1060,595
7750,68,53000,86,1300,3,5,69,1015,952
6900,68,104000,86,1300,3,5,19,1015,678
7200,75,88000,110,1600,3,5,69,1050,1210
9550,54,46856,97,1400,5,5,85,1060,540
9450,61,59000,110,1600,5,5,85,1070,908
8750,65,64772,110,1600,3,5,69,1050,863
12500,62,26000,107,1600,3,5,85,1085,1040
7250,78,84000,110,1600,5,5,19,1065,1234
11500,48,63000,69,1900,5,5,185,1140,483
8950,65,58829,110,1600,3,5,69,1050,911
15999,30,38950,110,1600,5,5,85,1130,60
7500,73,70482,110,1600,5,5,19,1075,1311
7950,60,61100,86,1300,3,5,69,1015,894
13995,44,38461,110,1600,5,5,85,1080,313
9900,67,49585,110,1600,5,5,85,1085,969
8900,68,35000,110,1600,3,5,69,1050,1022
8950,74,61700,110,1600,5,5,85,1070,1351
11500,44,89757,110,1600,3,5,69,1045,207
10950,52,36000,110,1600,5,5,85,1075,572
9000,80,63266,110,1600,4,5,69,1035,1346
9750,56,37461,97,1400,3,5,69,1025,568
6990,79,95700,110,1600,5,5,85,1085,1177
8750,71,106150,86,1300,3,5,19,1015,1139
8750,79,98742,110,1600,5,5,85,1085,1165
7450,78,82675,86,1300,3,5,69,1015,1243
8500,71,17016,86,1300,3,5,69,1015,1440
14750,39,108847,90,2000,5,5,210,1205,199
14990,38,46327,110,1600,3,5,85,1055,281
11950,54,75231,110,1600,5,5,85,1080,446
10500,50,73634,110,1587,5,5,85,1075,453
7950,76,59815,110,1587,3,5,85,1055,1365
11950,40,58954,110,1600,5,5,85,1080,241
11950,49,40836,110,1600,3,5,85,1075,558
9500,38,180638,90,2000,4,5,210,1160,189
16350,14,40010,110,1600,5,5,85,1115,124
7950,74,124057,110,1600,3,5,69,1050,1106
10500,57,54000,110,1600,5,5,85,1075,946
10950,65,81192,110,1600,3,6,85,1065,751
5950,72,105856,86,1300,3,5,69,1015,1141
9900,68,75000,110,1600,5,5,85,1075,791
9250,48,142130,110,1600,5,5,197,1119,390
6900,69,79000,86,1300,3,5,69,1015,1254
10950,61,37500,110,1600,5,5,85,1085,1011
8950,74,48242,86,1300,5,5,69,1035,1406
10500,78,47400,86,1300,5,5,69,1040,1409
13500,33,48928,69,1900,3,5,185,1105,272
7450,75,67451,86,1300,4,5,69,1000,1323
10950,67,77821,110,1600,5,5,85,1075,777
6950,68,155720,86,1300,3,5,69,1015,614
9950,68,68865,110,1600,3,6,85,1065,832
6750,76,83405,110,1600,5,5,85,1070,1238
8750,79,86000,86,1300,5,5,69,1040,1221
10950,47,46391,110,1600,5,5,85,1075,543
7900,62,88667,110,1600,4,5,69,1040,725
15250,26,43000,97,1400,5,5,85,1110,58
8450,68,81965,86,1300,5,5,69,1035,749
7750,73,34717,86,1300,3,5,69,1015,1431
9950,63,59000,86,1300,5,5,19,1035,906
8950,61,75609,86,1300,3,5,69,1015,788
8750,75,52000,110,1600,5,5,19,1075,1395
11750,51,58761,97,1300,5,5,85,1060,496
8450,80,23000,86,1300,3,5,69,1015,1437
10250,62,53285,110,1600,5,5,85,1075,949
9400,54,50000,97,1400,3,5,69,1025,523
12750,43,30742,110,1600,3,5,69,1040,341
11950,41,24000,97,1400,3,5,69,1025,365
8150,76,36537,110,1600,4,5,85,1075,1427
10250,60,54554,110,1600,3,6,85,1065,943
9950,79,68945,110,1600,5,5,85,1085,1319
7950,69,155000,72,2000,3,5,185,1115,1074
10500,58,25000,110,1600,5,5,85,1075,1042
14750,40,48952,90,2000,5,5,210,1205,270
9950,54,49366,97,1400,3,5,69,1025,530
9450,57,61000,110,1600,3,5,69,1050,896
10950,49,53116,97,1400,3,5,69,1025,516
10750,60,28500,86,1300,3,5,69,1045,1036
16950,27,110404,90,2000,5,5,234,1255,44
16750,27,44068,97,1400,3,5,85,1100,42
20500,20,20000,110,1600,5,5,100,1165,148
6490,80,100123,110,1600,3,5,69,1050,1160
7750,60,130270,110,1600,3,5,69,1050,633
10950,59,78750,90,1975,5,5,210,1155,772
8950,58,103458,86,1300,3,5,69,1025,679
19950,22,43610,192,1800,3,6,100,1185,12
8500,73,75000,110,1600,5,5,85,1075,1274
6900,80,70939,110,1600,5,5,85,1100,1308
11950,47,57500,110,1600,4,5,19,1105,504
8500,78,90345,86,1300,5,5,69,1035,1196
9250,60,65259,110,1600,3,5,69,1050,855
17950,17,33740,97,1400,5,5,85,1135,130
11950,55,74715,110,1600,5,5,85,1080,449
13950,22,46961,97,1400,3,5,85,1100,43
11950,56,65000,110,1600,5,5,19,1075,476
10500,50,54465,110,1600,5,5,85,1075,511
9950,44,39000,97,1400,3,5,69,1025,308
16950,29,43905,110,1600,3,5,100,1170,22
10500,59,61166,110,1600,3,5,69,1050,890
16950,28,32220,110,1600,3,5,85,1120,24
12450,34,49291,110,1600,3,5,69,1040,269
19000,23,84000,90,2000,5,5,234,1270,46
13500,33,75699,69,1900,3,5,185,1105,218
9250,71,76000,110,1600,5,5,85,1070,1266
8750,65,45549,86,1300,3,5,69,1015,984
7750,74,120196,110,1600,3,5,69,1050,1116
9500,62,147636,72,2000,5,5,185,1135,620
8950,70,68000,86,1300,3,5,69,1045,1322
9450,59,70218,110,1600,3,5,69,1050,824
9500,54,62519,97,1400,3,5,69,1025,487
10750,68,31000,110,1600,4,5,69,1035,1033
10950,65,84558,110,1600,5,5,19,1120,738
15950,20,29797,97,1400,5,5,85,1110,133
12500,49,77648,110,1600,4,5,69,1030,442
8950,57,52548,110,1600,3,5,69,1050,955
9500,79,100719,110,1600,5,5,85,1070,1156
7995,79,75322,110,1600,4,5,85,1115,1271
8250,80,60476,110,1600,5,5,19,1114,1360
8250,72,86860,110,1600,5,5,85,1075,1219
11450,51,49473,110,1600,3,5,85,1055,527
8950,61,82115,110,1600,3,5,85,1055,747
13950,37,36074,110,1600,5,5,19,1075,324
10750,50,76167,97,1400,5,5,85,1060,444
9900,80,92255,107,1600,5,5,85,1105,1189
9950,68,64950,110,1600,5,5,85,1075,860
8950,79,138500,86,1300,5,5,69,1050,1084
11500,39,39524,97,1398,3,5,69,1025,305
9940,39,53644,110,1600,5,5,19,1075,256
9950,65,31588,86,1300,3,5,69,1015,1030
9900,63,68238,86,1300,5,5,69,1050,835
9500,61,78063,107,1600,5,5,85,1100,776
11250,40,96518,97,1400,3,5,69,1025,203
9950,63,57124,110,1600,3,6,85,1065,925
8950,73,112963,72,2000,5,5,185,1135,1124
5750,73,115877,110,1600,4,5,69,1035,1119
11900,46,33021,110,1600,5,5,85,1080,583
13875,39,43254,110,1600,5,5,85,1075,293
8750,68,61504,110,1600,4,5,69,1035,886
10950,65,49942,110,1600,3,6,85,1065,968
6950,58,69022,86,1300,5,5,69,1035,830
7450,80,49580,110,1600,4,5,69,1035,1401
7750,73,134539,110,1600,5,5,85,1070,1089
7950,57,72000,86,1300,3,5,69,1015,814
8250,63,72522,110,1600,3,5,69,1050,812
5900,73,232940,72,2000,5,5,40,1172,1049
8500,60,61977,86,1300,3,5,69,1015,882
11950,54,101352,110,1600,5,5,85,1080,412
18950,15,20270,110,1600,5,5,85,1130,146
8450,70,89983,110,1600,3,5,85,1055,1200
11930,49,31999,97,1400,3,5,69,1030,584
7500,59,190900,72,2000,3,5,185,1115,610
8950,68,74308,110,1600,3,5,69,1050,801
10450,35,91456,69,1900,3,5,185,1110,205
11950,40,17051,97,1400,5,5,85,1060,375
7950,73,85200,110,1600,3,5,69,1050,1226
11895,39,27170,97,1400,5,5,85,1060,353
8250,64,82723,86,1300,3,5,69,1015,744
7250,71,127159,72,2000,3,5,185,1115,1098
9950,58,61343,110,1600,5,5,85,1075,888
6950,75,65006,86,1300,3,5,69,1015,1338
9950,67,42102,110,1600,5,5,85,1075,1001
6750,77,200732,72,2000,4,5,185,1100,1054
9750,66,63328,86,1300,5,5,85,1065,871
10000,57,28000,86,1300,3,5,69,1015,1038
9245,66,22835,110,1600,3,5,69,1050,1043
8250,80,85565,110,1600,5,5,85,1070,1224
6640,74,106250,110,1600,5,5,85,1070,1138
11750,52,46449,110,1600,4,5,69,1035,542
8250,66,81250,110,1600,3,5,19,1050,750
14950,42,29640,110,1600,3,5,85,1055,345
12500,48,43120,97,1400,3,5,69,1030,552
9500,62,59295,86,1300,5,5,69,1035,903
13750,39,25062,110,1600,5,5,85,1080,358
7350,72,112000,86,1300,3,5,69,1015,1126
10500,62,47750,86,1300,5,5,69,1040,974
7950,80,97548,86,1300,5,5,69,1035,1168
8500,70,67100,110,1600,5,5,85,1075,1326
9750,68,62292,110,1600,3,6,85,1065,877
6550,73,158492,86,1300,3,5,69,1015,1070
15750,29,41415,110,1600,3,5,85,1120,28
10950,58,55478,86,1300,5,5,69,1045,935
7950,74,121900,110,1600,4,5,69,1035,1112
7250,78,78689,110,1600,4,5,69,1035,1256
9450,54,138394,69,1900,4,5,185,1095,392
12695,39,24723,110,1600,4,5,85,1060,359
10450,48,15000,97,1400,3,5,69,1025,602
9950,51,96135,72,2000,3,5,185,1115,419
14750,27,27500,97,1400,3,5,85,1100,40
8750,76,104344,110,1600,3,5,69,1050,1144
8950,76,120263,72,2000,5,5,64,1135,1115
18950,28,30993,110,1600,5,5,85,1130,67
9900,64,41200,110,1600,5,5,85,1070,1003
6495,74,96302,86,1300,3,5,69,1015,1173
7250,70,16916,86,1300,3,5,69,1015,1441
11900,51,53408,110,1600,5,5,85,1080,514
11750,40,130062,69,1900,5,5,185,1140,195
8500,77,62285,110,1600,5,5,85,1075,1349
8250,57,101791,72,2000,3,5,185,1115,686
15950,25,28450,110,1600,3,5,85,1120,26
17450,28,8537,110,1600,5,5,85,1130,86
6750,80,66168,86,1300,3,5,69,1015,1332
13950,44,59000,110,1600,5,5,85,1110,240
9950,68,112116,110,1600,5,5,85,1070,662
8950,63,74747,110,1600,5,5,85,1075,797
12500,40,85389,110,1600,5,5,85,1075,208
15950,19,25948,97,1400,3,5,85,1100,98
13950,51,53268,110,1600,5,5,85,1080,515
7500,74,58454,86,1300,3,5,69,1015,1371
8950,55,94401,72,2000,3,5,185,1115,421
7450,72,87083,110,1600,4,5,69,1035,1214
7500,69,20544,86,1300,3,5,69,1025,1438
8250,70,59017,107,1600,3,5,85,1080,1369
6950,80,62581,110,1600,5,5,85,1075,1348
16895,29,22575,110,1600,5,5,85,1115,79
7450,70,61510,110,1600,4,5,69,1035,1354
9950,68,119541,110,1600,3,5,85,1055,644
7900,68,204250,72,2000,3,5,185,1115,608
8750,69,52000,110,1600,3,5,69,1050,1396
8950,75,102005,107,1600,5,5,85,1105,1149
6750,73,156169,86,1300,5,5,69,1035,1072
8500,76,76268,86,1300,3,5,69,1015,1263
12950,51,38403,110,1600,3,5,85,1055,567
9450,68,30300,86,1300,4,5,69,1000,1035
5845,70,60600,86,1300,3,5,85,1060,1358
5250,72,126478,110,1600,4,5,69,1035,1099
11950,60,74337,86,1300,5,5,69,1035,800
9450,80,66843,110,1600,5,5,85,1075,1330
6500,71,115157,110,1600,3,5,69,1050,1121
7990,77,80486,110,1600,5,5,85,1070,1252
8500,78,43622,86,1300,4,5,69,1000,1417
8450,64,70116,110,1600,4,5,69,1035,825
13250,41,81106,69,1900,5,5,185,1140,212
8250,66,39144,110,1600,3,5,69,1050,1007
11750,47,73403,110,1600,5,5,85,1075,454
7950,68,119289,110,1600,4,5,69,1035,646
9795,68,61568,110,1600,4,5,69,1035,885
12500,35,32000,110,1600,3,5,69,1040,337
8950,77,78435,86,1300,3,5,69,1015,1257
10750,54,39000,97,1400,3,5,69,1025,565
8250,80,58267,110,1600,5,5,85,1070,1373
8900,61,79000,110,1600,3,5,69,1050,770
8950,68,77008,86,1300,3,5,69,1015,782
18450,19,27371,97,1400,5,5,85,1135,138
9950,61,97425,110,1600,5,5,85,1075,696
9950,59,65463,110,1600,5,5,85,1070,853
7950,73,107108,110,1600,3,5,69,1050,1136
12900,38,22865,110,1600,5,5,85,1075,367
8950,57,65000,110,1600,4,5,69,1035,858
7750,76,60833,110,1600,4,5,69,1035,1357
8250,64,91333,110,1600,3,5,69,1050,715
11950,49,69659,86,1300,3,6,69,1025,464
8950,54,61000,69,2000,5,5,185,1140,490
7750,65,58300,86,1300,3,5,69,1015,913
17250,29,20000,110,1600,5,5,85,1115,82
7950,78,90011,86,1300,3,5,69,1045,1198
11700,52,53561,97,1400,5,5,85,1060,513
16500,27,37177,110,1600,5,5,85,1130,62
7750,77,102000,86,1300,3,5,69,1015,1150
8750,49,68565,110,1600,4,5,69,1030,467
8950,62,125175,116,2000,5,5,185,1150,638
7750,55,137000,72,2000,5,5,185,1135,393
10450,62,85000,110,1600,3,5,69,1050,735
6950,68,117000,72,2000,3,5,185,1115,651
13500,50,39706,110,1600,5,5,85,1080,563
8500,58,47171,86,1300,3,5,69,1015,978
10500,50,62280,97,1400,5,5,85,1060,488
10500,67,70000,107,1587,3,5,19,1065,827
7145,80,74785,110,1600,5,5,85,1070,1278
11690,34,65345,97,1400,5,5,85,1060,229
8950,60,58269,110,1600,3,5,69,1050,914
7750,78,100487,110,1600,4,5,69,1035,1157
7750,74,78894,110,1600,5,5,85,1070,1255
9990,55,56743,110,1600,3,5,69,1045,506
7850,72,88500,110,1600,5,5,85,1075,1208
12950,23,71138,69,1900,3,5,185,1105,10
12200,50,82805,110,1600,3,5,69,1040,433
7950,78,72222,110,1600,5,5,85,1070,1294
11950,60,74720,110,1600,5,5,85,1085,798
12950,33,62000,110,1600,5,5,19,1075,233
8995,67,73936,86,1300,5,5,69,1050,804
11250,61,61144,110,1600,5,5,85,1090,892
8750,61,55747,86,1300,3,5,69,1020,934
7500,59,130000,72,2000,4,5,185,1135,634
13450,40,23616,110,1600,5,5,85,1075,366
9750,68,77695,110,1600,4,5,69,1035,778
6900,80,65307,110,1600,3,5,85,1055,1335
10950,57,80470,110,1600,5,5,85,1085,755
22250,20,37500,90,2000,3,5,234,1260,92
12250,51,34882,110,1600,5,5,85,1075,579
10450,64,120400,110,1600,5,5,85,1090,642
8900,78,57628,110,1600,5,5,85,1075,1377
7450,75,91082,110,1600,3,5,69,1050,1194
8800,79,74093,110,1600,5,5,85,1075,1284
10950,67,15535,86,1300,4,5,69,1030,1047
10950,38,37320,97,1400,3,5,69,1025,319
9950,80,69904,110,1600,5,5,85,1070,1314
11950,56,66777,110,1600,5,5,85,1090,470
17950,31,16238,110,1600,5,5,100,1180,84
9500,66,47237,110,1600,3,5,69,1050,977
8500,71,120000,110,1600,5,5,85,1085,1117
11950,41,45287,110,1600,5,5,85,1075,286
7750,77,71900,86,1300,3,5,69,1015,1299
21500,2,15,110,1600,5,5,85,1130,185
8750,58,51712,110,1600,3,5,69,1050,959
10950,63,54936,110,1600,5,5,85,1075,940
7950,71,90370,86,1300,5,5,69,1035,1195
8950,64,133769,72,2000,3,5,185,1120,629
10500,42,92204,110,1600,5,5,85,1075,204
8950,63,68453,110,1600,5,5,85,1070,834
7250,78,80000,110,1600,4,5,19,1065,1253
8950,62,25505,86,1300,5,5,69,1035,1041
15950,19,29435,97,1400,3,5,85,1100,97
7500,80,71500,110,1600,4,5,69,1035,1302
7750,74,56132,110,1600,4,5,69,1035,1386
8850,65,45000,110,1600,5,5,85,1075,987
8950,65,68000,86,1300,3,5,69,1015,838
9900,51,146736,110,1600,5,5,85,1080,388
7750,70,151300,72,2000,5,5,185,1150,1076
10950,62,71000,110,1600,5,5,85,1070,817
13250,33,16512,97,1400,5,5,19,1085,376
8950,55,94122,86,1300,3,5,69,1015,422
7950,78,155210,110,1600,3,5,69,1050,1073
13750,30,38500,90,2000,3,5,210,1170,5
7750,78,95651,110,1600,5,5,85,1070,1178
8250,79,84966,110,1600,5,5,85,1070,1229
18700,7,450,97,1400,5,5,85,1110,183
16250,29,25813,110,1600,3,5,85,1120,25
10500,65,68000,110,1600,5,5,85,1075,837
9895,68,102494,110,1600,5,5,85,1090,682
12950,29,9750,97,1400,3,5,19,1100,31
9250,67,104000,86,1300,3,5,69,1020,677
9950,45,87274,110,1600,3,5,69,1040,428
10950,41,75697,97,1400,3,5,69,1025,219
13750,54,48370,110,1600,5,5,85,1080,532
8250,65,74179,110,1600,3,5,69,1050,803
8950,70,73014,110,1600,5,5,85,1075,1291
7950,67,135337,110,1600,5,5,197,1120,628
9250,74,96000,110,1600,5,5,85,1085,1175
9750,62,37000,86,1300,3,5,69,1015,1013
22250,22,30000,110,2000,5,5,234,1275,69
8450,65,80439,110,1600,4,5,69,1035,756
7800,65,66000,86,1300,3,5,69,1015,848
16250,19,19200,97,1400,3,5,85,1100,102
8950,58,133405,72,2000,5,5,185,1135,630
6950,77,77000,86,1300,3,5,19,1015,1260
5740,74,159908,110,1600,3,5,69,1050,1069
4400,74,203254,72,2000,3,5,64,1135,1053
11950,39,98823,110,1600,5,5,197,1119,201
18950,23,39704,110,1600,5,5,100,1180,59
9500,55,69813,97,1400,3,5,69,1025,463
8900,63,46000,86,1300,5,5,69,1035,982
9950,42,27141,97,1400,5,5,85,1060,354
18990,20,23175,110,1600,3,5,85,1120,101
11500,68,61100,110,1600,5,5,85,1075,895
12495,39,50873,110,1600,5,5,85,1075,263
18950,49,49568,110,1600,3,5,19,1105,526
22500,32,34131,192,1800,3,6,100,1185,15
9500,68,109150,110,1600,5,5,85,1075,670
11950,38,32781,110,1600,5,5,85,1075,334
9500,57,78955,86,1300,5,5,69,1045,771
10500,65,93428,110,1600,5,5,85,1075,707
31275,4,1500,116,2000,5,5,283,1480,113
10950,60,37111,110,1600,3,5,69,1050,1012
7750,72,106108,110,1600,3,5,69,1050,1140
11950,54,63123,110,1600,4,5,69,1035,482
11950,41,29056,97,1400,5,5,85,1060,346
10750,54,60239,110,1600,5,5,85,1075,494
13500,43,55539,110,1600,5,5,85,1085,250
7750,80,57000,86,1300,4,5,69,1000,1382
9450,67,99781,110,1600,5,5,85,1085,691
10500,61,123000,72,2000,5,5,185,1135,640
7950,75,58341,86,1300,4,5,69,1030,1372
24950,8,13253,116,2000,5,5,234,1320,115
10750,63,65896,110,1600,3,6,85,1065,850
8500,79,63918,110,1600,4,5,69,1035,1343
12950,35,33258,110,1600,5,5,85,1075,330
7750,71,107516,110,1600,3,5,69,1050,1135
6425,79,99397,86,1300,5,5,69,1035,1162
12950,44,41499,110,1600,5,5,197,1103,298
11950,41,34000,110,1600,5,5,85,1075,327
8950,68,119500,110,1600,5,5,85,1070,645
10495,60,43426,110,1600,5,5,85,1070,995
9950,52,65170,97,1400,3,5,69,1025,475
8950,63,101469,110,1600,3,6,85,1065,687
9950,58,62024,110,1600,5,5,85,1075,881
9500,58,91000,110,1600,5,5,85,1075,717
8600,69,57096,86,1300,3,5,69,1025,1381
16250,19,29441,97,1400,5,5,85,1110,134
9450,52,104805,97,1400,3,5,69,1025,407
10950,57,40214,86,1300,3,5,69,1025,1004
12750,33,27240,110,1600,5,5,85,1075,352
8000,58,70560,110,1600,3,5,69,1050,820
8950,61,81170,110,1600,4,5,69,1040,752
6750,69,60050,110,1600,3,5,69,1050,1362
7400,75,74096,110,1600,3,5,69,1050,1283
11450,50,50400,110,1600,5,5,85,1080,522
8500,74,66718,110,1600,3,5,69,1050,1331
